FELDNAME,TITEL/BESCHREIBUNG,Datensatz 147,Datensatz 21,Datensatz 262,Datensatz 266,Datensatz 153,Datensatz 234,Datensatz 154,Datensatz 164,Datensatz 165,Datensatz 152
,,Serbien 1863,Albanien 1918,Montenegro 1879,Istanbul 1907,Rhodopen 1900,Walachei 1838,Dalmatien 1674,Istanbul 1907,Istanbul 1885,Ungarn 1869
,,,,,,,,,,,
üìä GRUNDDATEN,,,,,,,,,,,
Datensatz ID,Eindeutige ID des Datensatzes,147,21,262,266,153,234,154,164,165,152
Datensatz Titel,Englischer Titel des Datensatzes,1863 Census of Serbia,1918 Census of Albania,1879 Census of Montenegro,1907 Armenian Population Register of Istanbul,1900 Household Registers fo the Bulgarian Rhodope Mountain area,1838 Census of Wallachia,1674 Status Animarum of Dalmatia,1907 Census of Istanbul,1885 Census of Istanbul,1869 Census of Hungary
Land,"Land, in dem die Z√§hlung stattfand",Serbia,Albania,Montenegro,Turkey,Bulgaria,Romania,Croatia,Turkey,Turkey,"Hungary,Slovakia,Romania"
Land Wikidata,"Wikidata QID f√ºr Land/L√§nder",Q403,Q222,Q236,Q43,Q219,Q218,Q224,Q43,Q43,"Q28,Q214,Q218"
Region,"Region, in der die Z√§hlung stattfand",,,,Istanbul,Rhodope mountains,Wallachia,Dubrovnik,Istanbul,Istanbul,
Region Wikidata,"Wikidata QID f√ºr Region",,,,Q406,Q6489,Q171393,Q1722,Q406,Q406,
Jahr,Jahr der Z√§hlung,1863,1918,1879,1907,,1838,1674,1907,1885,1869
Datum Von,Startdatum der Erhebung,1862,,,,1877,,,,,
Datum Bis,Enddatum der Erhebung,1864,,,,1947,,,,,
Anzahl Personen,Anzahl der Personen im Datensatz,93.577,140.611,54.661,23.748,8.373,21.546,1.880,4.946,3.408,31.406
Anzahl Haushalte,Anzahl der Haushalte im Datensatz,21.343,27.792,10.889,6.890,1.718,5.263,358,1.177,881,6.584
PID,Persistent Identifier (GAMS),o:histdem.147,o:histdem.21,o:histdem.262,o:histdem.266,o:histdem.153,o:histdem.234,o:histdem.154,o:histdem.164,o:histdem.165,o:histdem.152
,,,,,,,,,,,
üìÅ DATENDATEIEN,,,,,,,,,,,
CSV Codes,CSV mit Codes: Dateiname - Titel,datafile_147_Serbia_1863_version_0-4_codes.csv - Serbian Census 1863: Data with Codes,datafile_21_Albania_1918_version_1-0_codes.csv - Census Albania 1918: Data with Codes,datafile_262_Montenegro_1879_version_4-0_codes.csv - Montenegrin Census 1879: Data with Codes,datafile_266_Armenians_in_Istanbul_1907_version_1-8_codes.csv - Istanbul Armenians 1907: Data with Codes,datafile_153_Version_1.2_codes.csv - Bulgarian Rhodope Mountain Area: Data with Codes,Datafile_234_Version_1.1_codes.csv - Wallachian Census 1838: Data with Codes,Datafile_154_Version_1.0_codes.csv - Dalmatian Status Animarum 1674: Data with Codes,Datafile_164_Version_1.0_codes.csv - Istanbul Census 1907: Data with Codes,Datafile_165_Version_1.0_codes.csv - Istanbul Census 1885: Data with Codes,Datafile_152_Version_1.0_codes.csv - Hungarian Census 1869: Data with Codes
CSV Labels,CSV mit Labels: Dateiname - Titel,datafile_147_Serbia_1863_version_0-4_labels.csv - Serbian Census 1863: Data with Labels,datafile_21_Albania_1918_version_1-0_labels.csv - Census Albania 1918: Data with Labels,datafile_262_Montenegro_1879_version_4-0_labels.csv - Montenegrin Census 1879: Data with Labels,datafile_266_Armenians_in_Istanbul_1907_version_1-8_labels.csv - Istanbul Armenians 1907: Data with Labels,datafile_153_Version_1.2_labels.csv - Bulgarian Rhodope Mountain Area: Data with Labels,Datafile_234_Version_1.1_labels.csv - Wallachian Census 1838: Data with Labels,Datafile_154_Version_1.0_labels.csv - Dalmatian Status Animarum 1674: Data with Labels,Datafile_164_Version_1.0_labels.csv - Istanbul Census 1907: Data with Labels,Datafile_165_Version_1.0_labels.csv - Istanbul Census 1885: Data with Labels,Datafile_152_Version_1.0_labels.csv - Hungarian Census 1869: Data with Labels
,,,,,,,,,,,
üìÑ ZUSATZDATEIEN,,,,,,,,,,,
Zusatzdatei 1,Zusatzdatei 1: Dateiname - Titel,country_sample_serbia_1863_2022-06-02.pdf - Overview of the Selected Sample: Serbia 1863 Census,,First_page_1879_Census_of_Montenegro.pdf - published transcription of the 1879 Census of Montenegro,Ohanian_Baskurt_Kabadayi_paper.pdf - Publication about the transcription of the 1907 Population Register of Armenians in Istanbul,article_Brunnbauer.pdf - article about the data and analysis of the data,Mateescu_2020.pdf - article describing the source and the sample,,,,MOSAIC-WP-2012-002_Hungary.pdf - Censuses in 19th Century Hungary: Inventory of Preserved Microdata
Zusatzdatei 2,Zusatzdatei 2: Dateiname - Titel,"archive_inventory_census_serbia_1863.pdf - Archive Inventory: Serbian Census Records, 1863",,,,,mosaic_wp_2013_001_Romania.pdf - inventory of surviving census manuscripts in Romania,,,,
Zusatzdatei 3,Zusatzdatei 3: Dateiname - Titel,vuletic_censuses_in_19th_century_serbia_mosaic_wp_2012_004.pdf - Censuses in 19th Century Serbia: Inventory of Preserved Microdata,,,,,,,,,
Zusatzdatei 4,Zusatzdatei 4: Dateiname - Titel,krusevac_1863.pdf - Published Transcription Example: Kru≈°evac 1863 Census,,,,,,,,,
Zusatzdatei 5,Zusatzdatei 5: Dateiname - Titel,,,,,,,,,,
Zusatzdatei 6,Zusatzdatei 6: Dateiname - Titel,,,,,,,,,,
Zusatzdatei 7,Zusatzdatei 7: Dateiname - Titel,,,,,,,,,,
Zusatzdatei 8,Zusatzdatei 8: Dateiname - Titel,,,,,,,,,,
Zusatzdatei 9,Zusatzdatei 9: Dateiname - Titel,,,,,,,,,,
Zusatzdatei 10,Zusatzdatei 10: Dateiname - Titel,,,,,,,,,,
,,,,,,,,,,,
üñºÔ∏è BILDER,,,,,,,,,,,
Bild 1,Bild 1: Dateiname - Titel,preview_pic.jpg - Sample of the 1863 Census Manuscript,preview_pic.jpg - Sample of the 1918 Census of Albania,sample page of 1879 Census of Montenegro.jpg - Sample of the 1879 Census Manuscript,figure_1.jpg - Sample of the 1907 Ottoman Population Register of Armenians in Istanbul,,DSCF4960.jpg - Sample page of 1838 Census of Wallachia,,,,2_b.JPG - Sample page of 1869 Census of Hungary
Bild 2,Bild 2: Dateiname - Titel,1863 sample3.jpg - Map with transcribed settlements of the 1863 census,Karte erfasste Orte.pdf - Map of transcribed settlements of the 1918 census of Albania,Montenegro_1879_map.jpg - Regional Map with Surviving Census Data,Armenians_in_Istanbul_1907_map.jpg - Approximate geographic coverage of the c. 1907 HGIS,,Map_Wallachia_1838_Sampling.pdf - map of sampling regions and transcribed villages,,,,
Bild 3,Bild 3: Dateiname - Titel,,,,,,,,,,
Bild 4,Bild 4: Dateiname - Titel,,,,,,,,,,
Bild 5,Bild 5: Dateiname - Titel,,,,,,,,,,
,,,,,,,,,,,
üìö ZITATION,,,,,,,,,,,
Zitierempfehlung,Komplette Zitierempfehlung mit Markdown-Formatierung,"Siegfried Gruber, Daniel-Armin ƒêumiƒá, and Joel M. Halpern. *1863 Census of Serbia, Version 1.3* [Mosaic Historical Microdata File], mosaic.ipums.org, 2024.","Siegfried Gruber, Karl Kaser, Gentiana Kera, Enriketa Pandelejmoni. *1918 Census of Albania, Version 1.1* [Mosaic Historical Microdata File]. mosaic.ipums.org, 2024.","Srƒëan Pejoviƒá et al. *1879 Census of Montenegro, Version 4.0* [Mosaic Historical Microdata File]. www.censusmosaic.org, 2024.","Sayat Tekir and Daniel Ohanian. *Partial Transcription of the c. 1907 Population Register of the Armenian Apostolic Patriarchate of Constantinople Version 1.8* [Mosaic Historical Microdata File]. mosaic.ipums.org, 2024.","Ulf Brunnbauer. *1900 Household Registers of the Bulgarian Rhodope Mountain area, Version 1.2* [Mosaic Historical Microdata File]. mosaic.ipums.org, 2025.","Laboratory of Historical Demography (MPIDR). *1838 Census of Wallachia, Version 1.1* [Mosaic Historical Microdata File]. mosaic.ipums.org, 2024.","Laboratory of Historical Demography (MPIDR). *Status Animarum for Lisac and Pridvorje, Version 1.0* [Mosaic Historical Microdata File]. mosaic.ipums.org, 2025.","Alan Duben. *1907 Census of Istanbul, Version 1.0* [Mosaic Historical Microdata File]. mosaic.ipums.org, 2025.","Alan Duben. *1885 Census of Istanbul, Version 1.0* [Mosaic Historical Microdata File]. mosaic.ipums.org, 2025.","Laboratory of Historical Demography (MPIDR). *1869 Census of Hungary, Version 1.0* [Mosaic Historical Microdata File]. mosaic.ipums.org, 2025."
Literatur 1,Literatur zum Datensatz ohne PDF,"Published Census Statistics: Dr≈æavopis Srbije/Statistique de la Serbie, Volume 2 (Belgrade, 1865)",,,,,,,,,
Literatur 2,Literatur zum Datensatz ohne PDF,,,,,,,,,,
Literatur 3,Literatur zum Datensatz ohne PDF,,,,,,,,,,
Literatur 4,Literatur zum Datensatz ohne PDF,,,,,,,,,,
,,,,,,,,,,,
üè∑Ô∏è INHALT & BESCHREIBUNG,,,,,,,,,,,
Schlagw√∂rter,"Schlagw√∂rter, durch Kommas getrennt","Serbia,census,19th century,population,demography,microdata","Albania,census,20th century,1918,population,demography,microdata","Montenegro,census data,19th century,population,1879,COUNTRY DATA","Istanbul,census,20th century,population,demography,1907,Armenians,Turkey,microdata,Ottoman","Bulgaria,Rhodope mountains,register,19th century,population,demography,microdata","Romania,Wallachia,census,19th century,population,demography,microdata","Croatia,Dalmatia,status animarum,17th century,population,demography,microdata","Istanbul,census,20th century,population,demography,Turkey,microdata,Ottoman Empire","Istanbul,census,20th century,population,demography,Turkey,microdata,Ottoman Empire","Hungary,Slovakia,Romania,census,19th century,population,demography,microdata"
Sprachcodes,ISO 639-1 Code(s) der Sprachen in den original Censusdaten,sr,sq,sr,"hy,tr,en",bg,ro,hr,tr,tr,hu
√úberschrift,Titel der Beschreibung,"Serbia 1863: 93,577 persons, 21,343 households","Albania 1918: 140,611 persons, 27,792 households","Montenegro 1879: 54,661 persons, 10,889 households","Register of the Armenian Apostolic Patriarchate of Constantinople 1907: 23,748 persons, 6,890 households","Bulgaria, Rhodope mountains around 1900: 8,373 persons, 1,718 households","Wallachia 1838: 21,546 persons, 5,263 households","Dalmatia 1674: 1,880 persons, 358 households","Istanbul 1907: 4,946 persons, 1,177 households","Istanbul 1885: 3,408 persons, 881 households","Hungary 1869: 31,406 persons, 6,584 households"
Beschreibung,Detaillierte Beschreibung des Datensatzes,"The manuscripts of the 1863 population census of Serbia are located in the Serbian State Archives (Arhiv Srbije) in Belgrade. This data of the first part of this sample was provided after an official request was made by Prof. Joel M. Halpern to the archive and provided to him directly by archive personnel. No restrictions were made. In the 1960s digitization was carried out under grants made to Joel M. Halpern at the University of Massachusetts, Department of Anthropology, with funding from the National Science Foundation, the National Institutes of Health (National Institute of Mental Health), and research grants from the University of Massachusetts. Subsequent work was done during the 1990s and 2000s at the University of Graz, Austria, beginning in 1993 with funding from the Austrian Science Fund (FWF). Detailed information is available in the Joel Martin Halpern collection from the University of Massachusetts at Amherst/Special collections & University archives. The major part of the sample was transcribed, coded, and harmonized as part of the research project ‚ÄúDemography and social structures in historical Southeast Europe‚Äù (P 38285-G, 2021-2025, funded by FWF).","The census of 1918 resulted from the occupation of the majority of the territory of the newly created independent Albanian state (except parts in the south and southeast) by the Austro-Hungarian army in 1916. Officers of the Austro-Hungarian army collected the census data with the assistance of Albanian officers from March to July 1918. Most of the manuscripts have been saved from destruction and are now stored in the archive of the Austrian Academy of Sciences. The research project, ""The 1918 Albanian Population Census: Data Entry and Basic Analyses,"" based at the University of Graz and funded by the Austrian Science Fund (2000-2003), sought to convert the data into machine-readable form. Up to now, the data of 285 villages and six cities have been entered in a database. The data consists of two samples: -100% -sample of the urban population; villages containing Orthodox Christians and ethnic minorities; villages being characterized by an uneven sex-ratio or very large or very small households -10% -sample of all other villages","The 1879 population census data of Montenegro was provided as part of the research project 'Demography and Society in Historical Southeastern Europe' (principle investigator: Mag. Dr. Siegfried Gruber) at the Institute of History, University of Graz, Mozartgasse 3, 8010 Graz, Austria, and funded by the Austrian Science Fund (FWF, project no. P 34285-G). An official request was made by Mag. Dr. Siegfried Gruber to Srƒëan Pejoviƒá, who agreed to provide a transcription of the Montenegrin Census of 1879 in a MS Word file. The transcription has been turned into a database and coded according to the Mosaic standard in Graz, Austria, by Mag. Dr. Siegfried Gruber and Daniel-Armin ƒêumiƒá, MA. This cooperation was adopted and approved by the State Archive of Montenegro in 2020 while the above research project was still in the planning phase. No restrictions were imposed.","This dataset covers 23,748 Apostolic Armenian males and females who were permanent residents (referred to as yerliler and ’ø’•’≤’°÷Å’´’∂’•÷Ä) of the province of Istanbul. Persons residing in these households, but not being a member of the Apostolic Armenian Church, are not included in this data file. The population register it is based on was compiled around the year 1907 as part of an empire-wide census. It was written in Armenian and Armeno-Turkish (i.e., Ottoman Turkish written with Armenian letters). The location of the original register is unclear, but a microfilmed copy is available at the Krikor and Clara Zohrab Information Center in New York City (microfilm collection items 1213461, 1213462, and 1213463). The data was transcribed and coded as part of a research project called ""Recovering Armenians in Late Ottoman Istanbul and Making Ottoman-Era Population Data Available for All"", which was funded by the Calouste Gulbenkian Foundation and hosted at Istanbul Bilgi University. The full register contains information about 40,000 individuals, of which about 60 % are included in this data file. The data is available for download at this site: https://www.houshamadyan.org/mapottomanempire/vilayet-of-istanbul/istanbul/locale/demography.html","This is a sample of eight villages of the Bulgarian side of the Rhodope mountains, covering the time period of 1877 to 1947. The sample contains Orthodox Bulgarians and Bulgarian-speaking Muslims (Pomaks). The three samples of ƒåepelare in the 20th century do not contain the whole population, but about 100 households each. This data file was transcribed by Ulf Brunnbauer and additional information about this data is available in the following publications: Ulf Brunnbauer, Families and mountains in the Balkans: Christian and Muslim household structures in the Rhodopes, 19th-20th century. In: The History of the Family 7 (2002) 327-350.  Ulf Brunnbauer, Gebirgsgesellschaften auf dem Balkan: Wirtschaft und Familienstrukturen im Rhodopengebirge (19./20. Jahrhundert). Zur Kunde S√ºdosteuropas II/34. Wien, K√∂ln, Weimar: 2004.","This is a sample of the Wallachian census of 1838 and covers the southern part of present-day Romania. It is a representative sample of the rural population and was created by Bogdan Mateescu for the Max Planck Institute for Demographic Research. The sampling is based on four regional strata (east, north, south and south-west). Weighting cannot be applied, because the census manuscripts have not been preserved completely and therefore the population figures are not known. More information about this census is available in a Mosaic Working Paper.","These are soul listings (status animarum) for two Roman Catholic parishes near Dubrovnik (Croatia) in the year 1674. The archival material can be found in the Historijski arhiv Dubrovnik, call number Acta S. Mariae Maioris, saec. XVII. No. 1809/4 and 21.","The 1885 (1300 h.) and 1907 (1322 h.) censuses were the first Empire-wide censuses undertaken for purposes other than either taxation or military conscription. They are the first ones to include information about women. The 1907 census is overall the more reliable of the two. The samples cover 5 percent only of the permanent Muslim population of 5 central districts of Istanbul, only a small percentage of whose occupations were recorded, and over-represent those with non-manual occupations. For more information see: Alan Duben and Cem Behar (1991) Istanbul households: Marriage, family and fertility, 1880-1940 (Cambridge Studies in Population, Economy and Society in Past Time 15). Cambridge University Press.","The 1885 (1300 h.) and 1907 (1322 h.) censuses were the first Empire-wide censuses undertaken for purposes other than either taxation or military conscription. They are the first ones to include information about women. The 1907 census is overall the more reliable of the two. The samples cover 5 percent only of the permanent Muslim population of 5 central districts of Istanbul, only a small percentage of whose occupations were recorded, and over-represent those with non-manual occupations. For more information see: Alan Duben and Cem Behar (1991) Istanbul households: Marriage, family and fertility, 1880-1940 (Cambridge Studies in Population, Economy and Society in Past Time 15). Cambridge University Press.","This is a sample of the 1869 Census of Hungary (about 3 per 1000), made by P√©ter √ñri and Levente Pakot for the Max Planck Institute for Demographic Research. The data covers the rural population of present-day Hungary, Slovakia, and partly Romania (Transylvania). Survival of the 1869 census material is very unevenly distributed within this territory and therefore the sampling is based on 9 regions. The data is rather similar to the size of the different regions. The household weight variable produces results according to the real rural population in the 9 regions. The second variable used for sampling is religion (ethnicity or language was not included in the census). The data also reflects the religious denominations rather well, but there has been no surviving census material for Orthodox Christians in the Partium region and for German Lutherans in Transylvania. The person weight variable produces an output which reflects the religious composition of the whole sampled area within the Kingdom of Hungary, but not the religious composition within the 9 regions."
Anmerkungen,Weitere Anmerkungen zum Datensatz,"The city of Kru≈°evac contains 102 servants who live alone and have no property at all. They were enumerated as separate units in the census, because they had an income, but they were obviously not forming independent households. Therefore they are coded as servants and not household heads and their households as incomplete households. The census does not have information about the place where they served. 45 servants have either co-residing relatives or property of their own, therefore they are treated as independent households.","The data has to be weighted to represent the population of the prefectures, which have been used as sampling strata. The variable hhwt does not account for religion, because this variable has not been used in the sampling process and is based on the published population. The variable perwt does account for religion and is based on the enumerated population. Further information can be found at the website https://albanischevolkszaehlung.uni-graz.at/","The last 150 pages of Book 1 of the census have the symbol ""-II-"" instead of the last names of all household members except the heads, and in some cases, their spouses. Determining the correct related variable is a significantly difficult task.","For research that uses and discusses this data, see Daniel Ohanian, ""Collaboration in Ottoman Governance: The c. 1907 Imperial Census and the Armenian Apostolic Patriarchate of Istanbul,"" Journal of the Ottoman and Turkish Studies Association 4, no. 2 (2017): 365‚Äì380; and Daniel Ohanian, ""The 1902 (AH 1320, AR 1318) Ottoman Census Regulations,"" Academia.edu, www.academia.edu/34414609/. For a discussion of the provenance of this source and the process by which it was transcribed, see Daniel Ohanian, Z. Mehmet Ba≈ükurt, and M. Erdem Kabadayƒ±, ""An Historical Geographic Information System for Ottoman Studies: The c. 1907 Ottoman Census and Armenian Settlement in Istanbul,"" Turcica. Revue d'√©tudes turques‚Äîpeuples, langues, cultures, √âtats 51 (2020): 255‚Äì283.",Occupations are not coded yet.,Occupations are not coded yet.,"Occupations are not recorded in this source, only some servants are mentioned.","There are no names given, and terms for certain relationships included in these data files and ages are not always reliable. Therefore some ‚Äúchildren‚Äù are reported to have occupations other than being servants.","There are no names given, and terms for certain relationships included in these data files and ages are not always reliable. Therefore some ‚Äúchildren‚Äù are reported to have occupations other than being servants.",Occupations are not coded yet.